{
    "playerPosition": {
        "x": 0.0843186229467392,
        "y": 7.018349647521973,
        "z": 34.232704162597659
    }
}