{
    "playerPosition": {
        "x": -0.4656301438808441,
        "y": 7.860200881958008,
        "z": 37.93544387817383
    }
}