{
    "playerPosition": {
        "x": -20.200000047683716,
        "y": 30.4800000190734865,
        "z": -18.100000381469727
    }
}