{
    "playerPosition": {
        "x": -2.200000047683716,
        "y": 3.4800000190734865,
        "z": -8.100000381469727
    }
}